{
  "epoch": [
    1,
    2,
    3,
    4,
    5,
    6,
    7,
    8,
    9,
    10,
    11,
    12,
    13,
    14,
    15,
    16,
    17,
    18,
    19,
    20,
    21,
    22,
    23,
    24,
    25,
    26,
    27,
    28,
    29,
    30,
    31,
    32,
    33,
    34,
    35,
    36,
    37,
    38,
    39,
    40,
    41
  ],
  "lr": [
    0.05,
    0.049,
    0.04802,
    0.0470596,
    0.046118408,
    0.04519603984,
    0.0442921190432,
    0.043406276662336,
    0.04253815112908928,
    0.04168738810650749,
    0.040853640344377336,
    0.0400365675374898,
    0.039235836186739995,
    0.038451119463005196,
    0.03768209707374509,
    0.03692845513227019,
    0.03618988602962478,
    0.035466088309032286,
    0.03475676654285164,
    0.034061631211994604,
    0.03338039858775471,
    0.03271279061599962,
    0.03205853480367962,
    0.03141736410760603,
    0.030789016825453916,
    0.030173236488944835,
    0.029569771759165937,
    0.028978376323982615,
    0.028398808797502964,
    0.027830832621552906,
    0.027274215969121846,
    0.026728731649739407,
    0.02619415701674462,
    0.02567027387640973,
    0.025156868398881534,
    0.024653731030903903,
    0.024160656410285822,
    0.023677443282080105,
    0.0232038944164385,
    0.022739816528109733,
    0.022285020197547536
  ],
  "train_loss": [
    1.8352756794597485,
    1.6301469396760724,
    1.5387419173421977,
    1.4924378974933385,
    1.4423376776212524,
    1.40671260618045,
    1.37591394768185,
    1.3442571817525233,
    1.3219874217935255,
    1.293562276429541,
    1.2705734346521642,
    1.2514480183740304,
    1.2362171077076003,
    1.2156676411689948,
    1.2048291593763567,
    1.1845602795264158,
    1.1683689043527763,
    1.1598628295248519,
    1.1419957040263988,
    1.1274966939382198,
    1.1155497331671065,
    1.1008252917405115,
    1.085187287072311,
    1.0772582925685836,
    1.066859999356446,
    1.0613308887265052,
    1.0471747013148553,
    1.0386739777678025,
    1.0257141951991895,
    1.0136734093298734,
    1.007190670758707,
    0.9904100050681317,
    0.9914681290033132,
    0.9778480397919082,
    0.9728258994575782,
    0.9654412405711046,
    0.9521103431539183,
    0.9488403236949591,
    0.9363211900550936,
    0.9303457874538281,
    0.9263647189218028
  ],
  "train_acc": [
    0.36858024691358027,
    0.4599382716049383,
    0.5062345679012346,
    0.5171604938271605,
    0.5357407407407407,
    0.5548148148148148,
    0.5688271604938272,
    0.577037037037037,
    0.5873456790123457,
    0.6022222222222222,
    0.6059876543209877,
    0.6151234567901235,
    0.6211111111111111,
    0.6285802469135803,
    0.6328395061728395,
    0.6412962962962963,
    0.6474691358024691,
    0.6484567901234568,
    0.6582098765432098,
    0.663641975308642,
    0.6658641975308642,
    0.6718518518518518,
    0.6814814814814815,
    0.6801234567901234,
    0.6860493827160494,
    0.6891358024691357,
    0.6924691358024692,
    0.6967901234567901,
    0.7047530864197531,
    0.706358024691358,
    0.7105555555555556,
    0.7150617283950618,
    0.7167283950617284,
    0.7220987654320987,
    0.7226543209876544,
    0.7241975308641976,
    0.7365432098765432,
    0.735,
    0.7438271604938271,
    0.7444444444444445,
    0.7446296296296296
  ],
  "val_loss": [
    1.5442560794618394,
    1.4317026669890793,
    1.447061655079877,
    1.343807247656363,
    1.3317215250156544,
    1.350964191754659,
    1.2875073439986617,
    1.2151593902375963,
    1.2238859589894613,
    1.2082429122924805,
    1.2813127085014626,
    1.1784271174890024,
    1.1475710805257162,
    1.1661608611212837,
    1.142565680609809,
    1.1609862513012357,
    1.1426242939631144,
    1.1349900973284686,
    1.187258964644538,
    1.1700285734953704,
    1.1132784352479157,
    1.0961581323764942,
    1.0746501322145816,
    1.0770031263210156,
    1.071413594175268,
    1.0796110508177015,
    1.1338652400617246,
    1.0635658884048462,
    1.1104726341035631,
    1.0967933937355323,
    1.0421252289524785,
    1.0588563177320691,
    1.0590253676308525,
    1.0659033005325882,
    1.0761316762147126,
    1.0580223491456773,
    1.0724418263965183,
    1.0844497587062694,
    1.0690800502565172,
    1.0555246079409564,
    1.0797667005327012
  ],
  "val_acc": [
    0.45555555555555555,
    0.517962962962963,
    0.465,
    0.5344444444444445,
    0.5307407407407407,
    0.52,
    0.5401851851851852,
    0.5861111111111111,
    0.5744444444444444,
    0.5746296296296296,
    0.5038888888888889,
    0.5981481481481481,
    0.6005555555555555,
    0.5844444444444444,
    0.6075925925925926,
    0.5835185185185185,
    0.6061111111111112,
    0.5990740740740741,
    0.5744444444444444,
    0.5894444444444444,
    0.6133333333333333,
    0.6162962962962963,
    0.6253703703703704,
    0.6253703703703704,
    0.6251851851851852,
    0.6207407407407407,
    0.5946296296296296,
    0.6303703703703704,
    0.6075925925925926,
    0.6198148148148148,
    0.6359259259259259,
    0.6333333333333333,
    0.6340740740740741,
    0.6301851851851852,
    0.6246296296296296,
    0.6322222222222222,
    0.6251851851851852,
    0.6192592592592593,
    0.6275925925925926,
    0.627962962962963,
    0.6198148148148148
  ]
}