{
  "config": {
    "data_dir": "EuroSAT_RGB",
    "output_dir": "runs",
    "seed": 77,
    "val_ratio": 0.2,
    "test_ratio": 0.2,
    "image_size": 64,
    "max_per_class": null,
    "hidden_dim": 512,
    "activation": "sigmoid",
    "epochs": 100,
    "batch_size": 128,
    "learning_rate": 0.05,
    "lr_decay": 0.98,
    "weight_decay": 0.0005,
    "early_stop_patience": 10
  },
  "best_epoch": 31,
  "best_val_acc": 0.6359259259259259,
  "stopped_early": true,
  "last_epoch": 41,
  "train_metrics": {
    "loss": 0.839805155094759,
    "accuracy": 0.7238271604938271
  },
  "val_metrics": {
    "loss": 1.0421252289524785,
    "accuracy": 0.6359259259259259
  },
  "test_metrics": {
    "loss": 1.0811501607188472,
    "accuracy": 0.6294444444444445
  },
  "confusion_matrix": [
    [
      348,
      6,
      21,
      26,
      27,
      28,
      58,
      54,
      22,
      10
    ],
    [
      0,
      519,
      6,
      1,
      0,
      31,
      0,
      5,
      7,
      31
    ],
    [
      37,
      10,
      226,
      28,
      28,
      19,
      80,
      140,
      24,
      8
    ],
    [
      75,
      17,
      26,
      133,
      28,
      25,
      25,
      74,
      93,
      4
    ],
    [
      12,
      0,
      2,
      12,
      422,
      0,
      1,
      45,
      6,
      0
    ],
    [
      4,
      12,
      20,
      4,
      0,
      316,
      14,
      9,
      16,
      5
    ],
    [
      83,
      0,
      52,
      15,
      11,
      16,
      229,
      77,
      16,
      1
    ],
    [
      11,
      1,
      27,
      19,
      41,
      2,
      10,
      470,
      19,
      0
    ],
    [
      29,
      29,
      9,
      41,
      12,
      35,
      7,
      20,
      312,
      6
    ],
    [
      0,
      70,
      1,
      0,
      1,
      48,
      1,
      36,
      19,
      424
    ]
  ],
  "classification_report": {
    "AnnualCrop": {
      "precision": 0.5809682804674458,
      "recall": 0.58,
      "f1-score": 0.5804837364470392,
      "support": 600.0
    },
    "Forest": {
      "precision": 0.7816265060240963,
      "recall": 0.865,
      "f1-score": 0.8212025316455697,
      "support": 600.0
    },
    "HerbaceousVegetation": {
      "precision": 0.5794871794871795,
      "recall": 0.37666666666666665,
      "f1-score": 0.45656565656565656,
      "support": 600.0
    },
    "Highway": {
      "precision": 0.4767025089605735,
      "recall": 0.266,
      "f1-score": 0.34146341463414637,
      "support": 500.0
    },
    "Industrial": {
      "precision": 0.7403508771929824,
      "recall": 0.844,
      "f1-score": 0.788785046728972,
      "support": 500.0
    },
    "Pasture": {
      "precision": 0.6076923076923076,
      "recall": 0.79,
      "f1-score": 0.6869565217391305,
      "support": 400.0
    },
    "PermanentCrop": {
      "precision": 0.5388235294117647,
      "recall": 0.458,
      "f1-score": 0.49513513513513513,
      "support": 500.0
    },
    "Residential": {
      "precision": 0.5053763440860215,
      "recall": 0.7833333333333333,
      "f1-score": 0.6143790849673203,
      "support": 600.0
    },
    "River": {
      "precision": 0.5842696629213483,
      "recall": 0.624,
      "f1-score": 0.6034816247582205,
      "support": 500.0
    },
    "SeaLake": {
      "precision": 0.8670756646216768,
      "recall": 0.7066666666666667,
      "f1-score": 0.7786960514233241,
      "support": 600.0
    },
    "accuracy": 0.6294444444444445,
    "macro avg": {
      "precision": 0.6262372860865397,
      "recall": 0.6293666666666666,
      "f1-score": 0.6167148804044515,
      "support": 5400.0
    },
    "weighted avg": {
      "precision": 0.6299760365059462,
      "recall": 0.6294444444444445,
      "f1-score": 0.6185206399913398,
      "support": 5400.0
    }
  },
  "checkpoint_path": "runs/train_20260415_131510/checkpoints/best_model.npz"
}