{
  "config": {
    "data_dir": "EuroSAT_RGB",
    "output_dir": "runs",
    "seed": 42,
    "split_seed": 42,
    "model_seed": 44,
    "train_seed": 42,
    "val_ratio": 0.15,
    "test_ratio": 0.15,
    "image_size": 64,
    "max_per_class": null,
    "hidden1_dim": 1024,
    "hidden2_dim": 256,
    "activation": "relu",
    "epochs": 500,
    "batch_size": 128,
    "learning_rate": 0.01,
    "lr_schedule": "step",
    "lr_step_size": 25,
    "lr_gamma": 0.5,
    "lr_decay": 0.98,
    "weight_decay": 1e-05,
    "grad_clip": 0.0,
    "momentum": 0.9,
    "augment": true,
    "augment_hflip_prob": 0.5,
    "augment_vflip_prob": 0.0,
    "augment_rot90_prob": 0.5,
    "augment_brightness_std": 0.05,
    "early_stop_patience": 20
  },
  "best_epoch": 194,
  "best_val_acc": 0.7404938271604938,
  "stopped_early": true,
  "last_epoch": 214,
  "train_metrics": {
    "loss": 0.4146279501914978,
    "accuracy": 0.8665079365079366
  },
  "val_metrics": {
    "loss": 0.7710719843263979,
    "accuracy": 0.7404938271604938
  },
  "test_metrics": {
    "loss": 0.7744177543381114,
    "accuracy": 0.7414814814814815
  },
  "confusion_matrix": [
    [
      323,
      1,
      22,
      28,
      0,
      13,
      44,
      5,
      8,
      6
    ],
    [
      1,
      417,
      3,
      0,
      0,
      16,
      0,
      2,
      1,
      10
    ],
    [
      10,
      1,
      309,
      14,
      7,
      10,
      42,
      48,
      7,
      2
    ],
    [
      45,
      0,
      26,
      165,
      15,
      12,
      22,
      32,
      58,
      0
    ],
    [
      1,
      0,
      6,
      24,
      314,
      0,
      5,
      18,
      7,
      0
    ],
    [
      5,
      7,
      5,
      4,
      0,
      261,
      6,
      1,
      6,
      5
    ],
    [
      34,
      0,
      70,
      21,
      6,
      11,
      212,
      11,
      10,
      0
    ],
    [
      8,
      0,
      42,
      16,
      11,
      2,
      18,
      347,
      5,
      1
    ],
    [
      21,
      6,
      3,
      49,
      1,
      14,
      9,
      3,
      266,
      3
    ],
    [
      5,
      27,
      6,
      3,
      0,
      9,
      0,
      4,
      7,
      389
    ]
  ],
  "classification_report": {
    "AnnualCrop": {
      "precision": 0.7130242825607064,
      "recall": 0.7177777777777777,
      "f1-score": 0.7153931339977851,
      "support": 450.0
    },
    "Forest": {
      "precision": 0.9084967320261438,
      "recall": 0.9266666666666666,
      "f1-score": 0.9174917491749175,
      "support": 450.0
    },
    "HerbaceousVegetation": {
      "precision": 0.6280487804878049,
      "recall": 0.6866666666666666,
      "f1-score": 0.6560509554140127,
      "support": 450.0
    },
    "Highway": {
      "precision": 0.5092592592592593,
      "recall": 0.44,
      "f1-score": 0.4721030042918455,
      "support": 375.0
    },
    "Industrial": {
      "precision": 0.8870056497175142,
      "recall": 0.8373333333333334,
      "f1-score": 0.8614540466392319,
      "support": 375.0
    },
    "Pasture": {
      "precision": 0.75,
      "recall": 0.87,
      "f1-score": 0.8055555555555556,
      "support": 300.0
    },
    "PermanentCrop": {
      "precision": 0.5921787709497207,
      "recall": 0.5653333333333334,
      "f1-score": 0.5784447476125512,
      "support": 375.0
    },
    "Residential": {
      "precision": 0.7367303609341825,
      "recall": 0.7711111111111111,
      "f1-score": 0.753528773072747,
      "support": 450.0
    },
    "River": {
      "precision": 0.7093333333333334,
      "recall": 0.7093333333333334,
      "f1-score": 0.7093333333333334,
      "support": 375.0
    },
    "SeaLake": {
      "precision": 0.9350961538461539,
      "recall": 0.8644444444444445,
      "f1-score": 0.8983833718244804,
      "support": 450.0
    },
    "accuracy": 0.7414814814814815,
    "macro avg": {
      "precision": 0.7369173323114819,
      "recall": 0.7388666666666667,
      "f1-score": 0.736773867091646,
      "support": 4050.0
    },
    "weighted avg": {
      "precision": 0.741060424544983,
      "recall": 0.7414814814814815,
      "f1-score": 0.7402589959724202,
      "support": 4050.0
    }
  },
  "checkpoint_path": "runs/train_20260419_170337/checkpoints/best_model.npz"
}