{
  "trial": 14,
  "hidden_dim": 512,
  "activation": "sigmoid",
  "learning_rate": 0.05,
  "lr_decay": 0.98,
  "weight_decay": 0.0005,
  "batch_size": 128,
  "epochs": 200,
  "early_stop_patience": 10,
  "best_epoch": 63,
  "best_val_acc": 0.6374074074074074,
  "val_acc": 0.6374074074074074,
  "test_acc": 0.6338888888888888,
  "stopped_early": true,
  "last_epoch": 73,
  "checkpoint": "runs/search_20260415_113024/trial_014/best_model.npz"
}